{"path":"lc2",
  "START":3000,
  "STOP":4025,
  "STEP":25,
  "POINT":
    [
      -12.20178,
      13.534349,
      -11.26139
    ],
  "NORMAL": [
    0.126989,
    0.21566,
    -0.968176
  ],
  "RADIUS": 0.5
}
