{
  "START":1500,
  "STOP":2010,
  "STEP":10,
  "POINT":[
0.32094,
15.270581,
-37.513488
          ],
  "NORMAL":[
0.146083,
0.180719,
-0.972625
          ],
  "RADIUS":2.5
}
