{
  "START":1500,
  "STOP":2010,
  "STEP":10,
  "POINT":[
8.101482,20.39911,-77.395953
          ],
  "NORMAL":[
0.070352,0.132527,0.988679
          ],
  "RADIUS":2.5
}
