{
  "START":1300,
  "STOP":1805,
  "STEP":5,
  "POINT":[
3.834755,20.561826,-43.537809
          ],
  "NORMAL":[
0.929559,0.314636,-0.192155
          ],
  "RADIUS":2.5
}
