{
  "START":1800,
  "STOP":2210,
  "STEP":10,
  "POINT":    [
-6.162969,5.761968,-17.469531
      ],
  "NORMAL":    [
-0.478138,-0.58812,-0.652303
      ],
  "RADIUS":2.5
}
