{
  "START":1800,
  "STOP":2210,
  "STEP":10,
  "POINT":    [
-3.0162930862060273,5.71243268759112,-17.79010576882482
      ],
  "NORMAL":    [
-0.44955358088657343,-0.6062950440835979,-0.6559785800098409
      ],
  "RADIUS":2.5
}
