{
  "START":1800,
  "STOP":2210,
  "STEP":10,
  "POINT":    [
6.909743,5.737642,-18.026201
      ],
  "NORMAL":    [
-0.054182,-0.555084,-0.830028
      ],
  "RADIUS":2.5
}
