{
  "START":10,
  "STOP":2010,
  "STEP":10,
  "POINT":[-0.126645,
            -0.277741,
            8.308226],
  "NORMAL":[0.064854,
            0.132176,
            -0.989102],
  "RADIUS":2.5
}
