{
  "START":1500,
  "STOP":1805,
  "STEP":5,
  "POINT":    [
        -5.449721,
        5.177058,
        -19.464242
      ],
  "NORMAL":    [
        -0.334025,
        0.410635,
        -0.848414
      ],
  "RADIUS":2.5
}
